"Timestamp","Source","Event","Details"
"06-08-2025 19:20:25","FileSystem","File Modified","wct590E.tmp"
"06-08-2025 21:56:40","FileSystem","File Modified","xml_file (244).xml"
"06-08-2025 21:56:40","FileSystem","File Modified","xml_file (243).xml"
"06-08-2025 21:57:40","FileSystem","File Modified","xml_file (2).xml"
"06-08-2025 22:02:40","FileSystem","File Modified","xml_file (10).xml"
"06-08-2025 22:04:40","FileSystem","File Modified","xml_file (11).xml"
"06-08-2025 22:04:40","FileSystem","File Modified","xml_file (12).xml"
"06-08-2025 22:05:40","FileSystem","File Modified","xml_file (14).xml"
"06-08-2025 22:05:40","FileSystem","File Modified","xml_file (13).xml"
"07-08-2025 00:06:00","FileSystem","File Modified","xml_file (16).xml"
"07-08-2025 00:06:00","FileSystem","File Modified","xml_file (15).xml"
"07-08-2025 00:09:00","FileSystem","File Modified","xml_file (17).xml"
"07-08-2025 00:09:00","FileSystem","File Modified","xml_file (18).xml"
"07-08-2025 00:10:00","FileSystem","File Modified","xml_file (20).xml"
"07-08-2025 00:10:00","FileSystem","File Modified","xml_file (19).xml"
"07-08-2025 00:11:00","FileSystem","File Modified","xml_file (21).xml"
"07-08-2025 00:11:00","FileSystem","File Modified","xml_file (22).xml"
"07-08-2025 00:12:00","FileSystem","File Modified","xml_file (23).xml"
"07-08-2025 00:12:00","FileSystem","File Modified","xml_file (24).xml"
"07-08-2025 00:13:00","FileSystem","File Modified","xml_file (25).xml"
"07-08-2025 00:13:00","FileSystem","File Modified","xml_file (26).xml"
"07-08-2025 00:14:00","FileSystem","File Modified","xml_file (27).xml"
"07-08-2025 00:14:00","FileSystem","File Modified","xml_file (28).xml"
"07-08-2025 00:17:01","FileSystem","File Modified","xml_file (29).xml"
"07-08-2025 05:20:45","FileSystem","File Modified","wct46C7.tmp"
"07-08-2025 05:20:45","FileSystem","File Modified","wct7236.tmp"
"07-08-2025 05:20:45","FileSystem","File Modified","wctA06B.tmp"
"07-08-2025 14:22:18","FileSystem","File Modified","Python 3.13.6 (64-bit)_20250807142208_000_core_JustForMe.log"
"07-08-2025 14:22:19","FileSystem","File Modified","Python 3.13.6 (64-bit)_20250807142208_001_exe_JustForMe.log"
"07-08-2025 14:22:21","FileSystem","File Modified","Python 3.13.6 (64-bit)_20250807142208_002_dev_JustForMe.log"
"07-08-2025 14:22:25","FileSystem","File Modified","Python 3.13.6 (64-bit)_20250807142208_003_lib_JustForMe.log"
"07-08-2025 14:22:33","FileSystem","File Modified","Python 3.13.6 (64-bit)_20250807142208_004_test_JustForMe.log"
"07-08-2025 14:22:37","FileSystem","File Modified","Python 3.13.6 (64-bit)_20250807142208_005_doc_JustForMe.log"
"07-08-2025 14:22:43","FileSystem","File Modified","Python 3.13.6 (64-bit)_20250807142208_006_tcltk_JustForMe.log"
"07-08-2025 14:22:44","FileSystem","File Modified","Python 3.13.6 (64-bit)_20250807142208_007_launcher_AllUsers.log"
"07-08-2025 14:22:51","FileSystem","File Modified","Python 3.13.6 (64-bit)_20250807142208_008_pip_JustForMe.log"
"07-08-2025 14:22:51","FileSystem","File Modified","Python 3.13.6 (64-bit)_20250807142208_009_path_JustForMe.log"
"07-08-2025 14:23:30","FileSystem","File Modified","Python 3.13.6 (64-bit)_20250807142208.log"
"07-08-2025 14:48:24","FileSystem","File Modified","xml_file (246).xml"
"07-08-2025 14:48:24","FileSystem","File Modified","xml_file (245).xml"
"07-08-2025 14:50:24","FileSystem","File Modified","xml_file (247).xml"
"07-08-2025 14:50:24","FileSystem","File Modified","xml_file (248).xml"
"07-08-2025 14:52:24","FileSystem","File Modified","xml_file (249).xml"
"07-08-2025 14:52:24","FileSystem","File Modified","xml_file (250).xml"
"07-08-2025 14:53:24","FileSystem","File Modified","xml_file (251).xml"
"07-08-2025 14:53:24","FileSystem","File Modified","xml_file (252).xml"
"07-08-2025 15:12:47","FileSystem","File Modified",".ses"
"07-08-2025 15:14:21","FileSystem","File Modified","xml_file (253).xml"
"07-08-2025 15:14:21","FileSystem","File Modified","xml_file (254).xml"
"07-08-2025 15:15:21","FileSystem","File Modified","xml_file (255).xml"
"07-08-2025 15:15:21","FileSystem","File Modified","xml_file (256).xml"
"07-08-2025 15:16:21","FileSystem","File Modified","xml_file (257).xml"
"07-08-2025 15:16:21","FileSystem","File Modified","xml_file (258).xml"
"07-08-2025 15:17:21","FileSystem","File Modified","xml_file (260).xml"
"07-08-2025 15:17:21","FileSystem","File Modified","xml_file (259).xml"
"07-08-2025 15:19:21","FileSystem","File Modified","xml_file (262).xml"
"07-08-2025 15:19:21","FileSystem","File Modified","xml_file (261).xml"
"07-08-2025 15:21:21","FileSystem","File Modified","xml_file (263).xml"
"07-08-2025 15:21:21","FileSystem","File Modified","xml_file (264).xml"
"07-08-2025 15:22:21","FileSystem","File Modified","xml_file (265).xml"
"07-08-2025 15:22:21","FileSystem","File Modified","xml_file (266).xml"
"07-08-2025 15:37:25","FileSystem","File Modified","xml_file (267).xml"
"07-08-2025 15:37:25","FileSystem","File Modified","xml_file (268).xml"
"07-08-2025 15:38:25","FileSystem","File Modified","xml_file (269).xml"
"07-08-2025 15:38:25","FileSystem","File Modified","xml_file (270).xml"
"07-08-2025 15:39:25","FileSystem","File Modified","xml_file (271).xml"
"07-08-2025 15:39:25","FileSystem","File Modified","xml_file (272).xml"
"07-08-2025 15:40:25","FileSystem","File Modified","xml_file (273).xml"
"07-08-2025 15:40:25","FileSystem","File Modified","xml_file (274).xml"
"07-08-2025 15:41:25","FileSystem","File Modified","xml_file (275).xml"
"07-08-2025 15:41:25","FileSystem","File Modified","xml_file (276).xml"
"07-08-2025 15:42:25","FileSystem","File Modified","xml_file (278).xml"
"07-08-2025 15:42:25","FileSystem","File Modified","xml_file (277).xml"
"07-08-2025 15:44:25","FileSystem","File Modified","xml_file (280).xml"
"07-08-2025 15:44:25","FileSystem","File Modified","xml_file (279).xml"
"07-08-2025 15:46:25","FileSystem","File Modified","xml_file (282).xml"
"07-08-2025 15:46:25","FileSystem","File Modified","xml_file (281).xml"
"07-08-2025 15:47:25","FileSystem","File Modified","xml_file (283).xml"
"07-08-2025 15:47:25","FileSystem","File Modified","xml_file (284).xml"
"07-08-2025 15:48:25","FileSystem","File Modified","xml_file (286).xml"
"07-08-2025 15:48:25","FileSystem","File Modified","xml_file (285).xml"
"07-08-2025 16:06:43","FileSystem","File Modified","xml_file (287).xml"
"07-08-2025 16:06:43","FileSystem","File Modified","xml_file (288).xml"
"07-08-2025 16:07:43","FileSystem","File Modified","xml_file (289).xml"
"07-08-2025 16:07:43","FileSystem","File Modified","xml_file (290).xml"
"07-08-2025 16:08:43","FileSystem","File Modified","xml_file (291).xml"
"07-08-2025 16:08:43","FileSystem","File Modified","xml_file (292).xml"
"07-08-2025 16:09:44","FileSystem","File Modified","xml_file (293).xml"
"07-08-2025 16:09:44","FileSystem","File Modified","xml_file (294).xml"
"07-08-2025 16:10:44","FileSystem","File Modified","xml_file (295).xml"
"07-08-2025 16:10:44","FileSystem","File Modified","xml_file (296).xml"
"07-08-2025 16:13:41","FileSystem","File Modified","mat-debug-9892.log"
"07-08-2025 18:07:27","FileSystem","File Modified","ForensicPackage_20250807_180723.zip"
"07-08-2025 18:11:47","FileSystem","File Modified","cv_debug.log"
"07-08-2025 18:20:26","FileSystem","File Modified","ef78db0c-31dd-48aa-8f44-ea1a9829e926.tmp"
"07-08-2025 18:27:37","FileSystem","File Modified","mde_test_marker_8bdd81b5-86e8-4dd4-9613-9dfe427be5e7.txt"
"07-08-2025 18:27:48","FileSystem","File Modified","version.dll"
"07-08-2025 18:27:48","FileSystem","File Modified","mscoree.dll"
"07-08-2025 18:27:48","FileSystem","File Modified","cryptsp.dll"
"07-08-2025 18:28:11","FileSystem","File Modified","RESTORE_FILES.txt"
